{"cameraMode":{"drawMode":0,"name":"Shaded","section":"Shading Mode"},"sceneLighting":true,"audioPlay":false,"sceneViewState":{"showFog":true,"showMaterialUpdate":false,"showSkybox":true,"showFlares":true,"showImageEffects":true,"showParticleSystems":true},"in2DMode":false,"pivot":{"x":-1.212343692779541,"y":-10.003803253173829,"z":30.887256622314454},"rotation":{"x":-0.1630590409040451,"y":0.015388639643788338,"z":-0.0025425334461033346,"w":-0.9864983558654785},"size":17.998634338378908,"orthographic":false}