{"cameraMode":{"drawMode":0,"name":"Shaded","section":"Shading Mode"},"sceneLighting":false,"audioPlay":false,"sceneViewState":{"showFog":true,"showMaterialUpdate":false,"showSkybox":false,"showFlares":true,"showImageEffects":true,"showParticleSystems":true},"in2DMode":false,"pivot":{"x":-0.17779937386512757,"y":-0.054305315017700198,"z":0.7745945453643799},"rotation":{"x":-0.02405468001961708,"y":-0.963188648223877,"z":0.2513978183269501,"w":-0.09216196835041046},"size":0.3464100956916809,"orthographic":false}