{"cameraMode":{"drawMode":0,"name":"Shaded","section":"Shading Mode"},"sceneLighting":false,"audioPlay":false,"sceneViewState":{"showFog":true,"showMaterialUpdate":false,"showSkybox":false,"showFlares":true,"showImageEffects":true,"showParticleSystems":true},"in2DMode":false,"pivot":{"x":0.0,"y":-0.0000010132789611816407,"z":0.0000014901161193847657},"rotation":{"x":0.07811753451824188,"y":0.6971551179885864,"z":-0.07686267048120499,"w":0.7085214257240295},"size":0.8660268783569336,"orthographic":false}