{"cameraMode":{"drawMode":0,"name":"Shaded","section":"Shading Mode"},"sceneLighting":false,"audioPlay":false,"sceneViewState":{"showFog":true,"showMaterialUpdate":false,"showSkybox":false,"showFlares":true,"showImageEffects":true,"showParticleSystems":true},"in2DMode":false,"pivot":{"x":1.4364087581634522,"y":8.018440246582032,"z":-0.030685901641845704},"rotation":{"x":0.12400993704795838,"y":-0.6828857064247131,"z":0.11912546306848526,"w":0.7100508809089661},"size":19.709142684936525,"orthographic":false}