{"cameraMode":{"drawMode":0,"name":"Shaded","section":"Shading Mode"},"sceneLighting":false,"audioPlay":false,"sceneViewState":{"showFog":true,"showMaterialUpdate":false,"showSkybox":false,"showFlares":true,"showImageEffects":true,"showParticleSystems":true},"in2DMode":false,"pivot":{"x":0.2876061499118805,"y":0.4400053024291992,"z":-0.9794900417327881},"rotation":{"x":-0.3744509220123291,"y":0.41222938895225527,"z":-0.19096265733242036,"w":-0.8083319067955017},"size":0.6906768083572388,"orthographic":false}