{"cameraMode":{"drawMode":0,"name":"Shaded","section":"Shading Mode"},"sceneLighting":false,"audioPlay":false,"sceneViewState":{"showFog":true,"showMaterialUpdate":false,"showSkybox":false,"showFlares":true,"showImageEffects":true,"showParticleSystems":true},"in2DMode":false,"pivot":{"x":-0.009864892810583115,"y":-0.0061400532722473148,"z":-0.0377417728304863},"rotation":{"x":-0.29271399974823,"y":0.3020009994506836,"z":-0.09801018238067627,"w":-0.9019547700881958},"size":7.021397113800049,"orthographic":false}