{"cameraMode":{"drawMode":0,"name":"Shaded","section":"Shading Mode"},"sceneLighting":true,"audioPlay":false,"sceneViewState":{"showFog":true,"showMaterialUpdate":false,"showSkybox":false,"showFlares":true,"showImageEffects":true,"showParticleSystems":true},"in2DMode":false,"pivot":{"x":0.8922785520553589,"y":-0.02717815339565277,"z":-0.5228539705276489},"rotation":{"x":0.1130494698882103,"y":-0.41624897718429568,"z":0.052131641656160358,"w":0.9007254242897034},"size":0.36217695474624636,"orthographic":false}