{"cameraMode":{"drawMode":0,"name":"Shaded","section":"Shading Mode"},"sceneLighting":false,"audioPlay":false,"sceneViewState":{"showFog":true,"showMaterialUpdate":false,"showSkybox":false,"showFlares":true,"showImageEffects":true,"showParticleSystems":true},"in2DMode":false,"pivot":{"x":0.020808003842830659,"y":-0.029272854328155519,"z":-0.05462626367807388},"rotation":{"x":-0.0616338886320591,"y":0.06642089039087296,"z":-0.004110743757337332,"w":-0.9958853125572205},"size":0.14955325424671174,"orthographic":false}