{"cameraMode":{"drawMode":0,"name":"Shaded","section":"Shading Mode"},"sceneLighting":false,"audioPlay":false,"sceneViewState":{"showFog":true,"showMaterialUpdate":false,"showSkybox":false,"showFlares":true,"showImageEffects":true,"showParticleSystems":true},"in2DMode":false,"pivot":{"x":0.3806532323360443,"y":-0.09944866597652435,"z":0.1828012764453888},"rotation":{"x":-0.14808319509029389,"y":-0.39509522914886477,"z":0.06469658017158508,"w":-0.9043233394622803},"size":0.3557639718055725,"orthographic":false}