{"cameraMode":{"drawMode":0,"name":"Shaded","section":"Shading Mode"},"sceneLighting":false,"audioPlay":false,"sceneViewState":{"showFog":true,"showMaterialUpdate":false,"showSkybox":false,"showFlares":true,"showImageEffects":true,"showParticleSystems":true},"in2DMode":false,"pivot":{"x":-0.1095447987318039,"y":0.007638722658157349,"z":-0.062406569719314578},"rotation":{"x":-0.3181536793708801,"y":0.18384668231010438,"z":-0.06303663551807404,"w":-0.9279115796089172},"size":0.11903953552246094,"orthographic":false}